{
  "Numbers": [
    {
      "number": "0",
      "textNumber": "zero"
    },
    {
      "number": "1",
      "textNumber": "one"
    },
    {
      "number": "2",
      "textNumber": "two"
    },
    {
      "number": "2",
      "textNumber": "three"
    },
    {
      "number": "2",
      "textNumber": "four"
    },
    {
      "number": "2",
      "textNumber": "five"
    },
    {
      "number": "2",
      "textNumber": "six"
    },
    {
      "number": "2",
      "textNumber": "seven"
    },
    {
      "number": "2",
      "textNumber": "eight"
    },
    {
      "number": "2",
      "textNumber": "nine"
    },
    {
      "number": "2",
      "textNumber": "ten"
    }

  ]
    }